bin_left,bin_right,count
-5.000000000000000000e+00,-4.900000000000000355e+00,4.000000000000000000e+00
-4.900000000000000355e+00,-4.799999999999999822e+00,5.000000000000000000e+00
-4.799999999999999822e+00,-4.700000000000000178e+00,3.000000000000000000e+00
-4.700000000000000178e+00,-4.599999999999999645e+00,4.000000000000000000e+00
-4.599999999999999645e+00,-4.500000000000000000e+00,3.000000000000000000e+00
-4.500000000000000000e+00,-4.400000000000000355e+00,4.000000000000000000e+00
-4.400000000000000355e+00,-4.299999999999999822e+00,5.000000000000000000e+00
-4.299999999999999822e+00,-4.200000000000000178e+00,7.000000000000000000e+00
-4.200000000000000178e+00,-4.099999999999999645e+00,4.000000000000000000e+00
-4.099999999999999645e+00,-4.000000000000000000e+00,4.000000000000000000e+00
-4.000000000000000000e+00,-3.899999999999999911e+00,4.000000000000000000e+00
-3.899999999999999911e+00,-3.799999999999999822e+00,8.000000000000000000e+00
-3.799999999999999822e+00,-3.700000000000000178e+00,7.000000000000000000e+00
-3.700000000000000178e+00,-3.599999999999999645e+00,8.000000000000000000e+00
-3.599999999999999645e+00,-3.500000000000000000e+00,1.200000000000000000e+01
-3.500000000000000000e+00,-3.399999999999999911e+00,8.000000000000000000e+00
-3.399999999999999911e+00,-3.299999999999999822e+00,1.300000000000000000e+01
-3.299999999999999822e+00,-3.200000000000000178e+00,1.500000000000000000e+01
-3.200000000000000178e+00,-3.099999999999999645e+00,1.400000000000000000e+01
-3.099999999999999645e+00,-3.000000000000000000e+00,4.000000000000000000e+00
-3.000000000000000000e+00,-2.899999999999999911e+00,7.000000000000000000e+00
-2.899999999999999911e+00,-2.799999999999999822e+00,1.500000000000000000e+01
-2.799999999999999822e+00,-2.699999999999999734e+00,2.100000000000000000e+01
-2.699999999999999734e+00,-2.599999999999999645e+00,1.400000000000000000e+01
-2.599999999999999645e+00,-2.500000000000000000e+00,2.600000000000000000e+01
-2.500000000000000000e+00,-2.399999999999999911e+00,3.000000000000000000e+01
-2.399999999999999911e+00,-2.299999999999999822e+00,3.400000000000000000e+01
-2.299999999999999822e+00,-2.199999999999999734e+00,3.900000000000000000e+01
-2.199999999999999734e+00,-2.099999999999999645e+00,5.500000000000000000e+01
-2.099999999999999645e+00,-2.000000000000000000e+00,7.200000000000000000e+01
-2.000000000000000000e+00,-1.899999999999999911e+00,1.040000000000000000e+02
-1.899999999999999911e+00,-1.799999999999999822e+00,1.530000000000000000e+02
-1.799999999999999822e+00,-1.699999999999999734e+00,2.170000000000000000e+02
-1.699999999999999734e+00,-1.599999999999999645e+00,4.490000000000000000e+02
-1.599999999999999645e+00,-1.500000000000000000e+00,1.015000000000000000e+03
-1.500000000000000000e+00,-1.399999999999999911e+00,2.123000000000000000e+03
-1.399999999999999911e+00,-1.299999999999999822e+00,3.787000000000000000e+03
-1.299999999999999822e+00,-1.199999999999999734e+00,5.182000000000000000e+03
-1.199999999999999734e+00,-1.099999999999999645e+00,5.673000000000000000e+03
-1.099999999999999645e+00,-1.000000000000000000e+00,5.668000000000000000e+03
-1.000000000000000000e+00,-8.999999999999994671e-01,5.224000000000000000e+03
-8.999999999999994671e-01,-7.999999999999998224e-01,4.923000000000000000e+03
-7.999999999999998224e-01,-7.000000000000001776e-01,4.596000000000000000e+03
-7.000000000000001776e-01,-5.999999999999996447e-01,4.227000000000000000e+03
-5.999999999999996447e-01,-5.000000000000000000e-01,3.988000000000000000e+03
-5.000000000000000000e-01,-3.999999999999994671e-01,3.771000000000000000e+03
-3.999999999999994671e-01,-2.999999999999998224e-01,3.586000000000000000e+03
-2.999999999999998224e-01,-1.999999999999992895e-01,3.347000000000000000e+03
-1.999999999999992895e-01,-9.999999999999964473e-02,3.310000000000000000e+03
-9.999999999999964473e-02,0.000000000000000000e+00,2.961000000000000000e+03
0.000000000000000000e+00,1.000000000000005329e-01,2.959000000000000000e+03
1.000000000000005329e-01,2.000000000000001776e-01,2.804000000000000000e+03
2.000000000000001776e-01,3.000000000000007105e-01,2.784000000000000000e+03
3.000000000000007105e-01,4.000000000000003553e-01,2.601000000000000000e+03
4.000000000000003553e-01,5.000000000000000000e-01,2.421000000000000000e+03
5.000000000000000000e-01,6.000000000000005329e-01,2.372000000000000000e+03
6.000000000000005329e-01,7.000000000000001776e-01,2.212000000000000000e+03
7.000000000000001776e-01,8.000000000000007105e-01,2.084000000000000000e+03
8.000000000000007105e-01,9.000000000000003553e-01,1.963000000000000000e+03
9.000000000000003553e-01,1.000000000000000000e+00,1.710000000000000000e+03
1.000000000000000000e+00,1.100000000000000533e+00,1.658000000000000000e+03
1.100000000000000533e+00,1.200000000000000178e+00,1.518000000000000000e+03
1.200000000000000178e+00,1.300000000000000711e+00,1.284000000000000000e+03
1.300000000000000711e+00,1.400000000000000355e+00,1.160000000000000000e+03
1.400000000000000355e+00,1.500000000000000000e+00,1.045000000000000000e+03
1.500000000000000000e+00,1.600000000000000533e+00,8.690000000000000000e+02
1.600000000000000533e+00,1.700000000000000178e+00,7.040000000000000000e+02
1.700000000000000178e+00,1.800000000000000711e+00,6.300000000000000000e+02
1.800000000000000711e+00,1.900000000000000355e+00,4.560000000000000000e+02
1.900000000000000355e+00,2.000000000000000000e+00,3.850000000000000000e+02
2.000000000000000000e+00,2.100000000000000533e+00,2.890000000000000000e+02
2.100000000000000533e+00,2.200000000000000178e+00,2.360000000000000000e+02
2.200000000000000178e+00,2.300000000000000711e+00,2.010000000000000000e+02
2.300000000000000711e+00,2.400000000000000355e+00,1.180000000000000000e+02
2.400000000000000355e+00,2.500000000000000000e+00,1.000000000000000000e+02
2.500000000000000000e+00,2.600000000000000533e+00,7.100000000000000000e+01
2.600000000000000533e+00,2.700000000000000178e+00,4.300000000000000000e+01
2.700000000000000178e+00,2.800000000000000711e+00,3.800000000000000000e+01
2.800000000000000711e+00,2.900000000000000355e+00,3.500000000000000000e+01
2.900000000000000355e+00,3.000000000000000000e+00,2.900000000000000000e+01
3.000000000000000000e+00,3.099999999999999645e+00,2.100000000000000000e+01
3.099999999999999645e+00,3.200000000000001066e+00,2.000000000000000000e+01
3.200000000000001066e+00,3.300000000000000711e+00,1.400000000000000000e+01
3.300000000000000711e+00,3.400000000000000355e+00,1.100000000000000000e+01
3.400000000000000355e+00,3.500000000000000000e+00,1.400000000000000000e+01
3.500000000000000000e+00,3.599999999999999645e+00,1.300000000000000000e+01
3.599999999999999645e+00,3.700000000000001066e+00,1.200000000000000000e+01
3.700000000000001066e+00,3.800000000000000711e+00,1.300000000000000000e+01
3.800000000000000711e+00,3.900000000000000355e+00,1.600000000000000000e+01
3.900000000000000355e+00,4.000000000000000000e+00,5.000000000000000000e+00
4.000000000000000000e+00,4.099999999999999645e+00,1.900000000000000000e+01
4.099999999999999645e+00,4.200000000000001066e+00,5.000000000000000000e+00
4.200000000000001066e+00,4.300000000000000711e+00,8.000000000000000000e+00
4.300000000000000711e+00,4.400000000000000355e+00,1.000000000000000000e+01
4.400000000000000355e+00,4.500000000000000000e+00,1.000000000000000000e+01
4.500000000000000000e+00,4.600000000000001421e+00,1.200000000000000000e+01
4.600000000000001421e+00,4.700000000000001066e+00,5.000000000000000000e+00
4.700000000000001066e+00,4.800000000000000711e+00,7.000000000000000000e+00
4.800000000000000711e+00,4.900000000000000355e+00,8.000000000000000000e+00
4.900000000000000355e+00,5.000000000000000000e+00,1.000000000000000000e+00
