bin_left,bin_right,count85,count90,count95
-5.000000000000000000e+00,-4.900000000000000355e+00,1.300000000000000000e+01,6.000000000000000000e+00,4.000000000000000000e+00
-4.900000000000000355e+00,-4.799999999999999822e+00,1.200000000000000000e+01,7.000000000000000000e+00,5.000000000000000000e+00
-4.799999999999999822e+00,-4.700000000000000178e+00,7.000000000000000000e+00,3.000000000000000000e+00,3.000000000000000000e+00
-4.700000000000000178e+00,-4.599999999999999645e+00,2.100000000000000000e+01,4.000000000000000000e+00,4.000000000000000000e+00
-4.599999999999999645e+00,-4.500000000000000000e+00,1.000000000000000000e+01,1.100000000000000000e+01,3.000000000000000000e+00
-4.500000000000000000e+00,-4.400000000000000355e+00,1.500000000000000000e+01,8.000000000000000000e+00,4.000000000000000000e+00
-4.400000000000000355e+00,-4.299999999999999822e+00,1.000000000000000000e+01,7.000000000000000000e+00,5.000000000000000000e+00
-4.299999999999999822e+00,-4.200000000000000178e+00,1.300000000000000000e+01,7.000000000000000000e+00,7.000000000000000000e+00
-4.200000000000000178e+00,-4.099999999999999645e+00,1.900000000000000000e+01,4.000000000000000000e+00,4.000000000000000000e+00
-4.099999999999999645e+00,-4.000000000000000000e+00,1.200000000000000000e+01,8.000000000000000000e+00,4.000000000000000000e+00
-4.000000000000000000e+00,-3.899999999999999911e+00,9.000000000000000000e+00,1.300000000000000000e+01,4.000000000000000000e+00
-3.899999999999999911e+00,-3.799999999999999822e+00,1.100000000000000000e+01,4.000000000000000000e+00,8.000000000000000000e+00
-3.799999999999999822e+00,-3.700000000000000178e+00,1.400000000000000000e+01,7.000000000000000000e+00,7.000000000000000000e+00
-3.700000000000000178e+00,-3.599999999999999645e+00,1.000000000000000000e+01,1.200000000000000000e+01,8.000000000000000000e+00
-3.599999999999999645e+00,-3.500000000000000000e+00,1.700000000000000000e+01,1.000000000000000000e+01,1.200000000000000000e+01
-3.500000000000000000e+00,-3.399999999999999911e+00,1.900000000000000000e+01,1.100000000000000000e+01,8.000000000000000000e+00
-3.399999999999999911e+00,-3.299999999999999822e+00,2.000000000000000000e+01,1.200000000000000000e+01,1.300000000000000000e+01
-3.299999999999999822e+00,-3.200000000000000178e+00,2.100000000000000000e+01,1.100000000000000000e+01,1.500000000000000000e+01
-3.200000000000000178e+00,-3.099999999999999645e+00,1.600000000000000000e+01,1.900000000000000000e+01,1.400000000000000000e+01
-3.099999999999999645e+00,-3.000000000000000000e+00,2.600000000000000000e+01,1.700000000000000000e+01,4.000000000000000000e+00
-3.000000000000000000e+00,-2.899999999999999911e+00,2.200000000000000000e+01,2.100000000000000000e+01,7.000000000000000000e+00
-2.899999999999999911e+00,-2.799999999999999822e+00,2.800000000000000000e+01,1.300000000000000000e+01,1.500000000000000000e+01
-2.799999999999999822e+00,-2.699999999999999734e+00,2.300000000000000000e+01,1.700000000000000000e+01,2.100000000000000000e+01
-2.699999999999999734e+00,-2.599999999999999645e+00,2.400000000000000000e+01,1.600000000000000000e+01,1.400000000000000000e+01
-2.599999999999999645e+00,-2.500000000000000000e+00,3.300000000000000000e+01,1.800000000000000000e+01,2.600000000000000000e+01
-2.500000000000000000e+00,-2.399999999999999911e+00,2.400000000000000000e+01,2.500000000000000000e+01,3.000000000000000000e+01
-2.399999999999999911e+00,-2.299999999999999822e+00,3.800000000000000000e+01,2.100000000000000000e+01,3.400000000000000000e+01
-2.299999999999999822e+00,-2.199999999999999734e+00,3.800000000000000000e+01,2.500000000000000000e+01,3.900000000000000000e+01
-2.199999999999999734e+00,-2.099999999999999645e+00,2.900000000000000000e+01,3.000000000000000000e+01,5.500000000000000000e+01
-2.099999999999999645e+00,-2.000000000000000000e+00,3.500000000000000000e+01,3.500000000000000000e+01,7.200000000000000000e+01
-2.000000000000000000e+00,-1.899999999999999911e+00,3.400000000000000000e+01,3.300000000000000000e+01,1.040000000000000000e+02
-1.899999999999999911e+00,-1.799999999999999822e+00,4.200000000000000000e+01,4.600000000000000000e+01,1.530000000000000000e+02
-1.799999999999999822e+00,-1.699999999999999734e+00,4.500000000000000000e+01,7.400000000000000000e+01,2.170000000000000000e+02
-1.699999999999999734e+00,-1.599999999999999645e+00,5.400000000000000000e+01,8.700000000000000000e+01,4.490000000000000000e+02
-1.599999999999999645e+00,-1.500000000000000000e+00,6.600000000000000000e+01,1.010000000000000000e+02,1.015000000000000000e+03
-1.500000000000000000e+00,-1.399999999999999911e+00,9.200000000000000000e+01,1.620000000000000000e+02,2.123000000000000000e+03
-1.399999999999999911e+00,-1.299999999999999822e+00,9.800000000000000000e+01,2.690000000000000000e+02,3.787000000000000000e+03
-1.299999999999999822e+00,-1.199999999999999734e+00,1.610000000000000000e+02,5.280000000000000000e+02,5.182000000000000000e+03
-1.199999999999999734e+00,-1.099999999999999645e+00,1.830000000000000000e+02,1.429000000000000000e+03,5.673000000000000000e+03
-1.099999999999999645e+00,-1.000000000000000000e+00,2.440000000000000000e+02,3.608000000000000000e+03,5.668000000000000000e+03
-1.000000000000000000e+00,-8.999999999999994671e-01,3.700000000000000000e+02,6.393000000000000000e+03,5.224000000000000000e+03
-8.999999999999994671e-01,-7.999999999999998224e-01,6.300000000000000000e+02,7.786000000000000000e+03,4.923000000000000000e+03
-7.999999999999998224e-01,-7.000000000000001776e-01,1.182000000000000000e+03,7.558000000000000000e+03,4.596000000000000000e+03
-7.000000000000001776e-01,-5.999999999999996447e-01,2.816000000000000000e+03,6.495000000000000000e+03,4.227000000000000000e+03
-5.999999999999996447e-01,-5.000000000000000000e-01,5.995000000000000000e+03,5.603000000000000000e+03,3.988000000000000000e+03
-5.000000000000000000e-01,-3.999999999999994671e-01,8.925000000000000000e+03,5.054000000000000000e+03,3.771000000000000000e+03
-3.999999999999994671e-01,-2.999999999999998224e-01,9.651000000000000000e+03,4.863000000000000000e+03,3.586000000000000000e+03
-2.999999999999998224e-01,-1.999999999999992895e-01,9.044000000000000000e+03,4.406000000000000000e+03,3.347000000000000000e+03
-1.999999999999992895e-01,-9.999999999999964473e-02,7.896000000000000000e+03,4.127000000000000000e+03,3.310000000000000000e+03
-9.999999999999964473e-02,0.000000000000000000e+00,6.751000000000000000e+03,3.909000000000000000e+03,2.961000000000000000e+03
0.000000000000000000e+00,1.000000000000005329e-01,6.045000000000000000e+03,3.769000000000000000e+03,2.959000000000000000e+03
1.000000000000005329e-01,2.000000000000001776e-01,5.411000000000000000e+03,3.491000000000000000e+03,2.804000000000000000e+03
2.000000000000001776e-01,3.000000000000007105e-01,4.611000000000000000e+03,3.423000000000000000e+03,2.784000000000000000e+03
3.000000000000007105e-01,4.000000000000003553e-01,4.267000000000000000e+03,3.267000000000000000e+03,2.601000000000000000e+03
4.000000000000003553e-01,5.000000000000000000e-01,3.793000000000000000e+03,2.944000000000000000e+03,2.421000000000000000e+03
5.000000000000000000e-01,6.000000000000005329e-01,3.203000000000000000e+03,2.701000000000000000e+03,2.372000000000000000e+03
6.000000000000005329e-01,7.000000000000001776e-01,2.804000000000000000e+03,2.418000000000000000e+03,2.212000000000000000e+03
7.000000000000001776e-01,8.000000000000007105e-01,2.448000000000000000e+03,2.241000000000000000e+03,2.084000000000000000e+03
8.000000000000007105e-01,9.000000000000003553e-01,2.062000000000000000e+03,1.947000000000000000e+03,1.963000000000000000e+03
9.000000000000003553e-01,1.000000000000000000e+00,1.687000000000000000e+03,1.743000000000000000e+03,1.710000000000000000e+03
1.000000000000000000e+00,1.100000000000000533e+00,1.468000000000000000e+03,1.464000000000000000e+03,1.658000000000000000e+03
1.100000000000000533e+00,1.200000000000000178e+00,1.146000000000000000e+03,1.317000000000000000e+03,1.518000000000000000e+03
1.200000000000000178e+00,1.300000000000000711e+00,9.390000000000000000e+02,1.125000000000000000e+03,1.284000000000000000e+03
1.300000000000000711e+00,1.400000000000000355e+00,7.740000000000000000e+02,9.260000000000000000e+02,1.160000000000000000e+03
1.400000000000000355e+00,1.500000000000000000e+00,5.830000000000000000e+02,7.750000000000000000e+02,1.045000000000000000e+03
1.500000000000000000e+00,1.600000000000000533e+00,5.100000000000000000e+02,6.220000000000000000e+02,8.690000000000000000e+02
1.600000000000000533e+00,1.700000000000000178e+00,3.760000000000000000e+02,4.670000000000000000e+02,7.040000000000000000e+02
1.700000000000000178e+00,1.800000000000000711e+00,3.130000000000000000e+02,3.940000000000000000e+02,6.300000000000000000e+02
1.800000000000000711e+00,1.900000000000000355e+00,2.700000000000000000e+02,2.790000000000000000e+02,4.560000000000000000e+02
1.900000000000000355e+00,2.000000000000000000e+00,2.170000000000000000e+02,2.340000000000000000e+02,3.850000000000000000e+02
2.000000000000000000e+00,2.100000000000000533e+00,1.770000000000000000e+02,1.570000000000000000e+02,2.890000000000000000e+02
2.100000000000000533e+00,2.200000000000000178e+00,1.250000000000000000e+02,1.510000000000000000e+02,2.360000000000000000e+02
2.200000000000000178e+00,2.300000000000000711e+00,1.430000000000000000e+02,1.130000000000000000e+02,2.010000000000000000e+02
2.300000000000000711e+00,2.400000000000000355e+00,1.130000000000000000e+02,8.200000000000000000e+01,1.180000000000000000e+02
2.400000000000000355e+00,2.500000000000000000e+00,9.700000000000000000e+01,9.100000000000000000e+01,1.000000000000000000e+02
2.500000000000000000e+00,2.600000000000000533e+00,9.000000000000000000e+01,4.800000000000000000e+01,7.100000000000000000e+01
2.600000000000000533e+00,2.700000000000000178e+00,8.600000000000000000e+01,3.400000000000000000e+01,4.300000000000000000e+01
2.700000000000000178e+00,2.800000000000000711e+00,6.400000000000000000e+01,3.600000000000000000e+01,3.800000000000000000e+01
2.800000000000000711e+00,2.900000000000000355e+00,5.700000000000000000e+01,5.700000000000000000e+01,3.500000000000000000e+01
2.900000000000000355e+00,3.000000000000000000e+00,6.200000000000000000e+01,4.100000000000000000e+01,2.900000000000000000e+01
3.000000000000000000e+00,3.099999999999999645e+00,4.900000000000000000e+01,3.800000000000000000e+01,2.100000000000000000e+01
3.099999999999999645e+00,3.200000000000001066e+00,5.400000000000000000e+01,3.500000000000000000e+01,2.000000000000000000e+01
3.200000000000001066e+00,3.300000000000000711e+00,3.400000000000000000e+01,3.000000000000000000e+01,1.400000000000000000e+01
3.300000000000000711e+00,3.400000000000000355e+00,3.400000000000000000e+01,2.300000000000000000e+01,1.100000000000000000e+01
3.400000000000000355e+00,3.500000000000000000e+00,4.000000000000000000e+01,1.500000000000000000e+01,1.400000000000000000e+01
3.500000000000000000e+00,3.599999999999999645e+00,3.200000000000000000e+01,1.700000000000000000e+01,1.300000000000000000e+01
3.599999999999999645e+00,3.700000000000001066e+00,3.400000000000000000e+01,1.800000000000000000e+01,1.200000000000000000e+01
3.700000000000001066e+00,3.800000000000000711e+00,2.000000000000000000e+01,1.600000000000000000e+01,1.300000000000000000e+01
3.800000000000000711e+00,3.900000000000000355e+00,2.200000000000000000e+01,1.700000000000000000e+01,1.600000000000000000e+01
3.900000000000000355e+00,4.000000000000000000e+00,1.800000000000000000e+01,1.300000000000000000e+01,5.000000000000000000e+00
4.000000000000000000e+00,4.099999999999999645e+00,1.600000000000000000e+01,8.000000000000000000e+00,1.900000000000000000e+01
4.099999999999999645e+00,4.200000000000001066e+00,2.100000000000000000e+01,1.700000000000000000e+01,5.000000000000000000e+00
4.200000000000001066e+00,4.300000000000000711e+00,1.700000000000000000e+01,7.000000000000000000e+00,8.000000000000000000e+00
4.300000000000000711e+00,4.400000000000000355e+00,1.600000000000000000e+01,9.000000000000000000e+00,1.000000000000000000e+01
4.400000000000000355e+00,4.500000000000000000e+00,1.200000000000000000e+01,1.800000000000000000e+01,1.000000000000000000e+01
4.500000000000000000e+00,4.600000000000001421e+00,1.100000000000000000e+01,9.000000000000000000e+00,1.200000000000000000e+01
4.600000000000001421e+00,4.700000000000001066e+00,1.700000000000000000e+01,7.000000000000000000e+00,5.000000000000000000e+00
4.700000000000001066e+00,4.800000000000000711e+00,1.200000000000000000e+01,1.100000000000000000e+01,7.000000000000000000e+00
4.800000000000000711e+00,4.900000000000000355e+00,6.000000000000000000e+00,7.000000000000000000e+00,8.000000000000000000e+00
4.900000000000000355e+00,5.000000000000000000e+00,1.400000000000000000e+01,1.100000000000000000e+01,1.000000000000000000e+00
