author,scenario,decision_date,return_date,mean_variance,second_variance_moment,variance_of_conditional_variance,closed_form_mean_variance
Amanjeet Singh,baseline_fitted_state,0,1,2.6083121124996644e-05,6.803292076212462e-10,0.0,2.6083121124996644e-05
Amanjeet Singh,baseline_fitted_state,1,2,2.8527163784861673e-05,8.886352597488956e-10,7.483618614057224e-11,2.8527163784861673e-05
Amanjeet Singh,baseline_fitted_state,2,3,3.092232504595036e-05,1.1258126703741379e-09,1.6962248412672897e-10,3.092232504595035e-05
Amanjeet Singh,baseline_fitted_state,3,4,3.326958254714993e-05,1.3936098319640481e-09,2.8674470910242474e-10,3.326958254714992e-05
Amanjeet Singh,baseline_fitted_state,4,5,3.5569894374351635e-05,1.693903905793354e-09,4.286865199908217e-10,3.5569894374351635e-05
Amanjeet Singh,baseline_fitted_state,5,6,3.7824199451515026e-05,2.028709773549602e-09,5.980397094016125e-10,3.7824199451515026e-05
Amanjeet Singh,baseline_fitted_state,6,7,4.003341792391087e-05,2.4001896214002358e-09,7.975150707297275e-10,4.003341792391088e-05
Amanjeet Singh,baseline_fitted_state,7,8,4.219845153369912e-05,2.810663201001136e-09,1.0299538891591822e-09,4.219845153369913e-05
Amanjeet Singh,baseline_fitted_state,8,9,4.432018398799523e-05,3.262618815058428e-09,1.2983401063286794e-09,4.4320183987995245e-05
Amanjeet Singh,baseline_fitted_state,9,10,4.639948131957508e-05,3.758725078408098e-09,1.6058132116825014e-09,4.639948131957509e-05
Amanjeet Singh,baseline_fitted_state,10,11,4.84371922403657e-05,4.301843509166705e-09,1.9556819170365616e-09,4.843719224036571e-05
Amanjeet Singh,baseline_fitted_state,11,12,5.043414848786613e-05,4.89504200834787e-09,2.3514386746517403e-09,5.043414848786615e-05
Amanjeet Singh,baseline_fitted_state,12,13,5.239116516463977e-05,5.541609290451015e-09,2.7967751031424513e-09,5.2391165164639785e-05
Amanjeet Singh,baseline_fitted_state,13,14,5.430904107101679e-05,6.24507033193006e-09,3.2955983898766712e-09,5.430904107101682e-05
Amanjeet Singh,baseline_fitted_state,14,15,5.618855903114244e-05,7.009202909160891e-09,3.852048743164712e-09,5.618855903114246e-05
Amanjeet Singh,baseline_fitted_state,15,16,5.8030486212504325e-05,7.838055302569092e-09,4.4705179725094375e-09,5.8030486212504345e-05
Amanjeet Singh,baseline_fitted_state,16,17,5.983557443906903e-05,8.735965248977189e-09,5.155669280523818e-09,5.9835574439069065e-05
Amanjeet Singh,baseline_fitted_state,17,18,6.1604560498156e-05,9.707580230008285e-09,5.912458355837322e-09,6.160456049815603e-05
Amanjeet Singh,baseline_fitted_state,18,19,6.33381664411738e-05,1.0757879190567443e-08,6.746155862437608e-09,6.333816644117383e-05
Amanjeet Singh,baseline_fitted_state,19,20,6.503709987834166e-05,1.1892195788041927e-08,7.662371427456539e-09,6.503709987834169e-05
Amanjeet Singh,baseline_fitted_state,20,21,6.670205426751645e-05,1.311624327994719e-08,8.667079236440479e-09,6.670205426751646e-05
Amanjeet Singh,baseline_fitted_state,21,22,6.833370919724311e-05,1.4436141165330183e-08,9.766645352676795e-09,6.833370919724315e-05
Amanjeet Singh,baseline_fitted_state,22,23,6.993273066414398e-05,1.585844370336007e-08,1.0967856885216365e-08,6.9932730664144e-05
Amanjeet Singh,baseline_fitted_state,23,24,7.149977134476028e-05,1.7390170441226513e-08,1.227795313887351e-08,7.14997713447603e-05
Amanjeet Singh,baseline_fitted_state,24,25,7.303547086195672e-05,1.9038838892767645e-08,1.3704658888739916e-08,7.303547086195673e-05
Amanjeet Singh,baseline_fitted_state,25,26,7.454045604599791e-05,2.081249951920637e-08,1.5256219931661023e-08,7.454045604599792e-05
Amanjeet Singh,baseline_fitted_state,26,27,7.601534119040326e-05,2.2719773174031454e-08,1.6941441077738035e-08,7.601534119040326e-05
Amanjeet Singh,baseline_fitted_state,27,28,7.746072830268469e-05,2.4769891185467606e-08,1.876972675628527e-08,7.746072830268467e-05
Amanjeet Singh,baseline_fitted_state,28,29,7.887720735006943e-05,2.6972738262189806e-08,2.075112442284396e-08,7.887720735006942e-05
Amanjeet Singh,baseline_fitted_state,29,30,8.026535650030853e-05,2.933889842100784e-08,2.2896370966886218e-08,8.026535650030853e-05
Amanjeet Singh,baseline_fitted_state,30,31,8.162574235766893e-05,3.187970414923767e-08,2.5216942333797124e-08,8.162574235766891e-05
Amanjeet Singh,baseline_fitted_state,31,32,8.295892019420575e-05,3.4607289029452106e-08,2.7725106589663507e-08,8.295892019420575e-05
Amanjeet Singh,baseline_fitted_state,32,33,8.426543417640905e-05,3.7534644070333127e-08,3.04339806733944e-08,8.426543417640904e-05
Amanjeet Singh,baseline_fitted_state,33,34,8.554581758731763e-05,4.0675678004506873e-08,3.335759109782425e-08,8.554581758731759e-05
Amanjeet Singh,baseline_fitted_state,34,35,8.680059304419045e-05,4.404528183260851e-08,3.6510938879785344e-08,8.680059304419041e-05
Amanjeet Singh,baseline_fitted_state,35,36,8.803027271182466e-05,4.7659397912483786e-08,3.9910068998765565e-08,8.803027271182462e-05
Amanjeet Singh,baseline_fitted_state,36,37,8.923535851160712e-05,5.1535093913477425e-08,4.3572144704782374e-08,8.923535851160707e-05
Amanjeet Singh,baseline_fitted_state,37,38,9.041634232638489e-05,5.569064197828332e-08,4.7515527018601305e-08,9.041634232638483e-05
Amanjeet Singh,baseline_fitted_state,38,39,9.15737062012383e-05,6.014560345894213e-08,5.1759859791511426e-08,9.157370620123825e-05
Amanjeet Singh,baseline_fitted_state,39,40,9.270792254023849e-05,6.492091961937971e-08,5.6326160717652856e-08,9.270792254023843e-05
Amanjeet Singh,baseline_fitted_state,40,41,9.381945429926969e-05,7.00390087245048e-08,6.123691871949205e-08,9.381945429926963e-05
Amanjeet Singh,baseline_fitted_state,41,42,9.490875517499514e-05,7.55238699654536e-08,6.651619815658644e-08,9.490875517499507e-05
Amanjeet Singh,baseline_fitted_state,42,43,9.597626979004349e-05,8.140119470222064e-08,7.218975033940943e-08,9.59762697900434e-05
Amanjeet Singh,baseline_fitted_state,43,44,9.702243387449159e-05,8.769848553879404e-08,7.828513286386395e-08,9.70224338744915e-05
Amanjeet Singh,baseline_fitted_state,44,45,9.804767444371749e-05,9.444518378217861e-08,8.48318373183574e-08,9.804767444371742e-05
Amanjeet Singh,baseline_fitted_state,45,46,9.905240997269635e-05,1.0167280587550721e-07,9.18614259541081e-08,9.905240997269627e-05
Amanjeet Singh,baseline_fitted_state,46,47,0.00010003705056681041,1.0941508943699116e-07,9.940767795088458e-08,0.00010003705056681033
Amanjeet Singh,baseline_fitted_state,47,48,0.00010100199812924273,1.1770814958093611e-07,1.0750674595483656e-07,0.00010100199812924265
Amanjeet Singh,baseline_fitted_state,48,49,0.00010194764652502298,1.2659064624465584e-07,1.1619732361266482e-07,0.00010194764652502291
Amanjeet Singh,baseline_fitted_state,49,50,0.0001028743817417923,1.3610396329607469e-07,1.2552082487731866e-07,0.00010287438174179221
Amanjeet Singh,baseline_fitted_state,50,51,0.00010378258204735289,1.4629240025135416e-07,1.3552157591493863e-07,0.0001037825820473528
Amanjeet Singh,baseline_fitted_state,51,52,0.00010467261814406641,1.5720337749026497e-07,1.4624702050113142e-07,0.0001046726181440663
Amanjeet Singh,baseline_fitted_state,52,53,0.00010554485332016459,1.6888765591952085e-07,1.577479398571458e-07,0.00010554485332016449
Amanjeet Singh,baseline_fitted_state,53,54,0.00010639964359803338,1.8139957210118587e-07,1.7007868794339734e-07,0.00010639964359803329
Amanjeet Singh,baseline_fitted_state,54,55,0.00010723733787953158,1.9479728993487146e-07,1.8329744329938265e-07,0.00010723733787953147
Amanjeet Singh,baseline_fitted_state,55,56,0.00010805827808840289,2.0914307005908491e-07,1.974664785956543e-07,0.00010805827808840278
Amanjeet Singh,baseline_fitted_state,56,57,0.00010886279930983984,2.2450355821913205e-07,2.126524491455576e-07,0.00010886279930983971
Amanjeet Singh,baseline_fitted_state,57,58,0.00010965122992725628,2.409500939367941e-07,2.2892670171223408e-07,0.00010965122992725619
Amanjeet Singh,baseline_fitted_state,58,59,0.00011042389175632453,2.5855904091099777e-07,2.463656050403853e-07,0.00011042389175632442
Amanjeet Singh,baseline_fitted_state,59,60,0.00011118110017633156,2.774121406793138e-07,2.650509036428943e-07,0.00011118110017633145
Amanjeet Singh,baseline_fitted_state,60,61,0.00011192316425890824,2.975968911778203e-07,2.8507009648009375e-07,0.00011192316425890813
Amanjeet Singh,baseline_fitted_state,61,62,0.00011265038689418382,3.19206951952148e-07,3.065168422847387e-07,0.0001126503868941837
Amanjeet Singh,baseline_fitted_state,62,63,0.00011336306491441734,3.4234257789592344e-07,3.2949139340913305e-07,0.00011336306491441723
Amanjeet Singh,observed_last_residual_forecast,0,1,2.6666335467727468e-05,7.110934472773799e-10,0.0,2.6666335467727468e-05
Amanjeet Singh,observed_last_residual_forecast,1,2,2.909871371054804e-05,9.249553909039202e-10,7.822025129548379e-11,2.909871371054804e-05
Amanjeet Singh,observed_last_residual_forecast,2,3,3.1482443845536985e-05,1.1680120223100384e-09,1.7686775182264878e-10,3.148244384553698e-05
Amanjeet Singh,observed_last_residual_forecast,3,4,3.3818498845710555e-05,1.4420358522618564e-09,2.9834498808453024e-10,3.3818498845710555e-05
Amanjeet Singh,observed_last_residual_forecast,4,5,3.6107832224407496e-05,1.748929831128165e-09,4.4515428318220445e-10,3.6107832224407496e-05
Amanjeet Singh,observed_last_residual_forecast,5,6,3.8351378424486916e-05,2.0907364186512038e-09,6.199081915930032e-10,3.835137842448692e-05
Amanjeet Singh,observed_last_residual_forecast,6,7,4.0550053199742154e-05,2.469647294487306e-09,8.253404799853873e-10,4.055005319974217e-05
Amanjeet Singh,observed_last_residual_forecast,7,8,4.270475398868626e-05,2.8880137545820535e-09,1.0643177413478382e-09,4.270475398868627e-05
Amanjeet Singh,observed_last_residual_forecast,8,9,4.481636028086168e-05,3.3483578416180245e-09,1.3398516927940279e-09,4.48163602808617e-05
Amanjeet Singh,observed_last_residual_forecast,9,10,4.68857339758237e-05,3.853384261170038e-09,1.6551122107183288e-09,4.688573397582372e-05
Amanjeet Singh,observed_last_residual_forecast,10,11,4.891371973494408e-05,4.4059931388387405e-09,2.013441160530083e-09,4.89137197349441e-05
Amanjeet Singh,observed_last_residual_forecast,11,12,5.090114532617861e-05,5.009293677525281e-09,2.4183670820085265e-09,5.090114532617863e-05
Amanjeet Singh,observed_last_residual_forecast,12,13,5.284882196193917e-05,5.666618778175666e-09,2.873620795410922e-09,5.284882196193919e-05
Amanjeet Singh,observed_last_residual_forecast,13,14,5.475754463020834e-05,6.381540691782537e-09,3.3831519978532786e-09,5.475754463020837e-05
Amanjeet Singh,observed_last_residual_forecast,14,15,5.6628092419031555e-05,7.1578877752050975e-09,3.951146924186719e-09,5.6628092419031575e-05
Amanjeet Singh,observed_last_residual_forecast,15,16,5.8461228834519443e-05,7.999762428476994e-09,4.582047151634946e-09,5.846122883451947e-05
Amanjeet Singh,observed_last_residual_forecast,16,17,6.025770211248998e-05,8.911560296740592e-09,5.280569632863012e-09,6.0257702112490024e-05
Amanjeet Singh,observed_last_residual_forecast,17,18,6.201824552387777e-05,9.897990825799784e-09,6.051728047939799e-09,6.201824552387781e-05
Amanjeet Singh,observed_last_residual_forecast,18,19,6.374357767403501e-05,1.0964099266549195e-08,6.900855571863461e-09,6.374357767403503e-05
Amanjeet Singh,observed_last_residual_forecast,19,20,6.543440279604646e-05,1.2115290230244487e-08,7.833629160969235e-09,6.543440279604649e-05
Amanjeet Singh,observed_last_residual_forecast,20,21,6.709141103817797e-05,1.3357352903757445e-08,8.856095468663698e-09,6.7091411038178e-05
Amanjeet Singh,observed_last_residual_forecast,21,22,6.871527874557601e-05,1.4696488041643872e-08,9.97469850856166e-09,6.871527874557605e-05
Amanjeet Singh,observed_last_residual_forecast,22,23,7.030666873633317e-05,1.6139336860077656e-08,1.1196309191277168e-08,7.030666873633321e-05
Amanjeet Singh,observed_last_residual_forecast,23,24,7.186623057203219e-05,1.769301196650874e-08,1.2528256869876245e-08,7.186623057203222e-05
Amanjeet Singh,observed_last_residual_forecast,24,25,7.339460082287918e-05,1.9365130468326872e-08,1.3978363038377095e-08,7.339460082287921e-05
Amanjeet Singh,observed_last_residual_forecast,25,26,7.489240332753402e-05,2.116384941390067e-08,1.555497733772664e-08,7.489240332753404e-05
Amanjeet Singh,observed_last_residual_forecast,26,27,7.636024944774414e-05,2.3097903730159263e-08,1.7267016034437554e-08,7.636024944774414e-05
Amanjeet Singh,observed_last_residual_forecast,27,28,7.779873831788552e-05,2.5176646832441763e-08,1.9124003148586934e-08,7.779873831788552e-05
Amanjeet Singh,observed_last_residual_forecast,28,29,7.920845708951292e-05,2.741009409471126e-08,2.113611442021005e-08,7.92084570895129e-05
Amanjeet Singh,observed_last_residual_forecast,29,30,8.05899811710189e-05,2.980896938147271e-08,2.331422431632753e-08,8.058998117101889e-05
Amanjeet Singh,observed_last_residual_forecast,30,31,8.194387446249974e-05,3.238475485690874e-08,2.566995629498282e-08,8.194387446249971e-05
Amanjeet Singh,observed_last_residual_forecast,31,32,8.32706895859239e-05,3.514974430192008e-08,2.8215736557804787e-08,8.327068958592389e-05
Amanjeet Singh,observed_last_residual_forecast,32,33,8.457096811069716e-05,3.811710018599817e-08,3.096485153881761e-08,8.457096811069713e-05
Amanjeet Singh,observed_last_residual_forecast,33,34,8.584524077471621e-05,4.1300914758241494e-08,3.393150939457249e-08,8.584524077471615e-05
Amanjeet Singh,observed_last_residual_forecast,34,35,8.70940277010014e-05,4.4716275440435374e-08,3.713090577925258e-08,8.709402770100134e-05
Amanjeet Singh,observed_last_residual_forecast,35,36,8.831783860999652e-05,4.837933482503253e-08,4.0579294208291136e-08,8.831783860999646e-05
Amanjeet Singh,observed_last_residual_forecast,36,37,8.951717302762274e-05,5.230738560219224e-08,4.429406133533489e-08,8.951717302762268e-05
Amanjeet Singh,observed_last_residual_forecast,37,38,9.069252048917127e-05,5.651894076285667e-08,4.8293807490177924e-08,9.06925204891712e-05
Amanjeet Singh,observed_last_residual_forecast,38,39,9.184436073911823e-05,6.103381944927074e-08,5.259843284969346e-08,9.184436073911817e-05
Amanjeet Singh,observed_last_residual_forecast,39,40,9.297316392694312e-05,6.587323885049913e-08,5.722922963991289e-08,9.297316392694304e-05
Amanjeet Singh,observed_last_residual_forecast,40,41,9.40793907990309e-05,7.105991256848209e-08,6.22089807953653e-08,9.407939079903081e-05
Amanjeet Singh,observed_last_residual_forecast,41,42,9.516349288673598e-05,7.661815591013027e-08,6.756206553172642e-08,9.516349288673588e-05
Amanjeet Singh,observed_last_residual_forecast,42,43,9.622591269068489e-05,8.25739985930259e-08,7.331457231987058e-08,9.62259126906848e-05
Amanjeet Singh,observed_last_residual_forecast,43,44,9.726708386139285e-05,8.895530538662293e-08,7.94944197837237e-08,9.726708386139274e-05
Amanjeet Singh,observed_last_residual_forecast,44,45,9.828743137626797e-05,9.579190524758008e-08,8.613148608103549e-08,9.828743137626788e-05
Amanjeet Singh,observed_last_residual_forecast,45,46,9.928737171307533e-05,1.0311572954718858e-07,9.325774736549819e-08,9.928737171307524e-05
Amanjeet Singh,observed_last_residual_forecast,46,47,0.00010026731301993175,1.1096096003095333e-07,1.0090742597071637e-07,0.00010026731301993165
Amanjeet Singh,observed_last_residual_forecast,47,48,0.00010122765528190058,1.1936418719544608e-07,1.0911714900157477e-07,0.00010122765528190049
Amanjeet Singh,observed_last_residual_forecast,48,49,0.00010216879048425465,1.2836457981578196e-07,1.1792611806676644e-07,0.00010216879048425457
Amanjeet Singh,observed_last_residual_forecast,49,50,0.00010309110277247379,1.3800406640869871e-07,1.2737629093785397e-07,0.00010309110277247368
Amanjeet Singh,observed_last_residual_forecast,50,51,0.00010399496860904252,1.4832752947147984e-07,1.375125759754841e-07,0.00010399496860904241
Amanjeet Singh,observed_last_residual_forecast,51,52,0.0001048807569271116,1.593830133961172e-07,1.4838304022251333e-07,0.00010488075692711148
Amanjeet Singh,observed_last_residual_forecast,52,53,0.00010574882928108645,1.7122194702142447e-07,1.600391321271041e-07,0.00010574882928108634
Amanjeet Singh,observed_last_residual_forecast,53,54,0.00010659953999420364,1.8389938185358867e-07,1.7253591992661286e-07,0.00010659953999420353
Amanjeet Singh,observed_last_residual_forecast,54,55,0.00010743323630315593,1.974742470581928e-07,1.8593234679562306e-07,0.00010743323630315581
Amanjeet Singh,observed_last_residual_forecast,55,56,0.00010825025849982472,2.1200962240439598e-07,2.002915039391171e-07,0.00010825025849982459
Amanjeet Singh,observed_last_residual_forecast,56,57,0.00010905094007017781,2.2757303042507753e-07,2.1568092289488802e-07,0.00010905094007017767
Amanjeet Singh,observed_last_residual_forecast,57,58,0.00010983560783038919,2.4423674914572337e-07,2.3217288839825233e-07,0.00010983560783038907
Amanjeet Singh,observed_last_residual_forecast,58,59,0.00011060458206023645,2.620781468300682e-07,2.498447732573486e-07,0.00011060458206023631
Amanjeet Singh,observed_last_residual_forecast,59,60,0.00011135817663383008,2.8118004029244646e-07,2.6877939678923516e-07,0.00011135817663382996
Amanjeet Singh,observed_last_residual_forecast,60,61,0.00011209669914772835,3.016310784359222e-07,2.890654084761059e-07,0.00011209669914772822
Amanjeet Singh,observed_last_residual_forecast,61,62,0.00011282045104648966,3.2352615279206496e-07,3.1079769861773156e-07,0.00011282045104648951
Amanjeet Singh,observed_last_residual_forecast,62,63,0.00011352972774571397,3.469668369632598e-07,3.3407783788124384e-07,0.00011352972774571383
Amanjeet Singh,illustrative_price_compatible_initial_variance,0,1,7.75e-05,6.00625e-09,0.0,7.75e-05
Amanjeet Singh,illustrative_price_compatible_initial_variance,1,2,7.891569360467189e-05,6.888373961406664e-09,6.606872643002112e-10,7.891569360467189e-05
Amanjeet Singh,illustrative_price_compatible_initial_variance,2,3,8.030307302122773e-05,7.840828161656265e-09,1.3922446250036321e-09,8.030307302122773e-05
Amanjeet Singh,illustrative_price_compatible_initial_variance,3,4,8.166270453975036e-05,8.868399231544468e-09,2.1996019187979047e-09,8.166270453975034e-05
Amanjeet Singh,illustrative_price_compatible_initial_variance,4,5,8.299514312439455e-05,9.976214070119321e-09,3.0880202878805847e-09,8.299514312439453e-05
Amanjeet Singh,illustrative_price_compatible_initial_variance,5,6,8.43009326399081e-05,1.1169763733568735e-08,4.0631164896104134e-09,8.430093263990807e-05
Amanjeet Singh,illustrative_price_compatible_initial_variance,6,7,8.558060607362243e-05,1.2454929007190967e-08,5.130888871262427e-09,8.558060607362242e-05
Amanjeet Singh,illustrative_price_compatible_initial_variance,7,8,8.68346857530034e-05,1.3838007778910007e-08,6.297745129087154e-09,8.683468575300338e-05
Amanjeet Singh,illustrative_price_compatible_initial_variance,8,9,8.806368355885091e-05,1.5325744341138e-08,7.57053197918457e-09,8.806368355885087e-05
Amanjeet Singh,illustrative_price_compatible_initial_variance,9,10,8.926810113423459e-05,1.6925360756714072e-08,8.956566876602137e-09,8.926810113423455e-05
Amanjeet Singh,illustrative_price_compatible_initial_variance,10,11,9.044843008925072e-05,1.8644590434204823e-08,1.0463671928594747e-08,9.044843008925068e-05
Amanjeet Singh,illustrative_price_compatible_initial_variance,11,12,9.160515220168393e-05,2.049171406808013e-08,1.2100210158186453e-08,9.160515220168389e-05
Amanjeet Singh,illustrative_price_compatible_initial_variance,12,13,9.273873961365558e-05,2.2475598110226657e-08,1.3875124285097246e-08,9.273873961365552e-05
Amanjeet Singh,illustrative_price_compatible_initial_variance,13,14,9.38496550243392e-05,2.4605735950980596e-08,1.579797820279312e-08,9.384965502433915e-05
Amanjeet Singh,illustrative_price_compatible_initial_variance,14,15,9.49383518788216e-05,2.6892292000405733e-08,1.7879001342938783e-08,9.493835187882155e-05
Amanjeet Singh,illustrative_price_compatible_initial_variance,15,16,9.600527455318661e-05,2.934614887397025e-08,2.012913613193751e-08,9.600527455318654e-05
Amanjeet Singh,illustrative_price_compatible_initial_variance,16,17,9.705085853589717e-05,3.1978957901148566e-08,2.256008875859384e-08,9.70508585358971e-05
Amanjeet Singh,illustrative_price_compatible_initial_variance,17,18,9.807553060554979e-05,3.480319319085898e-08,2.5184383487298844e-08,9.807553060554972e-05
Amanjeet Singh,illustrative_price_compatible_initial_variance,18,19,9.907970900507372e-05,3.783220950411558e-08,2.801542076758549e-08,9.907970900507364e-05
Amanjeet Singh,illustrative_price_compatible_initial_variance,19,20,0.00010006380361244633,4.108030420189989e-08,3.106753940850966e-08,0.00010006380361244625
Amanjeet Singh,illustrative_price_compatible_initial_variance,20,21,0.0001010282161079939,4.4562783555125436e-08,3.4356083105161916e-08,0.0001010282161079938
Amanjeet Singh,illustrative_price_compatible_initial_variance,21,22,0.00010197334013834652,4.829603372376469e-08,3.7897471624793776e-08,0.00010197334013834644
Amanjeet Singh,illustrative_price_compatible_initial_variance,22,23,0.00010289956147711383,5.229759673382578e-08,4.170927698164345e-08,0.00010289956147711376
Amanjeet Singh,illustrative_price_compatible_initial_variance,23,24,0.00010380725818234716,5.6586251804006074e-08,4.581030495266959e-08,0.00010380725818234707
Amanjeet Singh,illustrative_price_compatible_initial_variance,24,25,0.00010469680075085239,6.11821023986187e-08,5.022068231115502e-08,0.0001046968007508523
Amanjeet Singh,illustrative_price_compatible_initial_variance,25,26,0.0001055685522694166,6.610666940990062e-08,5.496195018164007e-08,0.00010556855226941652
Amanjeet Singh,illustrative_price_compatible_initial_variance,26,27,0.00010642286856301008,7.138299090118972e-08,6.005716394801e-08,0.00010642286856300999
Amanjeet Singh,illustrative_price_compatible_initial_variance,27,28,0.00010726009834002427,7.703572887283563e-08,6.553100017692395e-08,0.00010726009834002419
Amanjeet Singh,illustrative_price_compatible_initial_variance,28,29,0.00010808058333460495,8.309128354522385e-08,7.140987105127536e-08,0.00010808058333460486
Amanjeet Singh,illustrative_price_compatible_initial_variance,29,30,0.0001088846584461387,8.957791568809774e-08,7.772204684316546e-08,0.00010888465844613862
Amanjeet Singh,illustrative_price_compatible_initial_variance,30,31,0.0001096726518759496,9.65258775626172e-08,8.449778699311397e-08,0.00010967265187594952
Amanjeet Singh,illustrative_price_compatible_initial_variance,31,32,0.00011044488526126199,1.0396755308247048e-07,9.176948040209715e-08,0.00011044488526126192
Amanjeet Singh,illustrative_price_compatible_initial_variance,32,33,0.00011120167380648392,1.1193760784304011e-07,9.957179558567646e-08,0.00011120167380648386
Amanjeet Singh,illustrative_price_compatible_initial_variance,33,34,0.00011194332641186494,1.2047314971331377e-07,1.0794184138516043e-07,0.00011194332641186486
Amanjeet Singh,illustrative_price_compatible_initial_variance,34,35,0.00011267014579958062,1.2961390073413682e-07,1.1691933897963806e-07,0.00011267014579958054
Amanjeet Singh,illustrative_price_compatible_initial_variance,35,36,0.00011338242863729548,1.3940238111875299e-07,1.2654680599506157e-07,0.00011338242863729537
Amanjeet Singh,illustrative_price_compatible_initial_variance,36,37,0.00011408046565925447,1.4988410620761347e-07,1.3686975356258114e-07,0.00011408046565925438
Amanjeet Singh,illustrative_price_compatible_initial_variance,37,38,0.0001147645417849528,1.6110779728941456e-07,1.479368972383044e-07,0.0001147645417849527
Amanjeet Singh,illustrative_price_compatible_initial_variance,38,39,0.00011543493623543214,1.7312560726452576e-07,1.5980038276084747e-07,0.00011543493623543204
Amanjeet Singh,illustrative_price_compatible_initial_variance,39,40,0.000116091922647251,1.859933621956915e-07,1.725160276917562e-07,0.00011609192264725089
Amanjeet Singh,illustrative_price_compatible_initial_variance,40,41,0.00011673576918417564,1.997708198644497e-07,1.8614358005742856e-07,0.00011673576918417553
Amanjeet Singh,illustrative_price_compatible_initial_variance,41,42,0.00011736673864663713,2.1452194653044804e-07,2.0074699518990002e-07,0.000117366738646637
Amanjeet Singh,illustrative_price_compatible_initial_variance,42,43,0.00011798508857899927,2.303152131751205e-07,2.163947320481262e-07,0.00011798508857899913
Amanjeet Singh,illustrative_price_compatible_initial_variance,43,44,0.00011859107137468107,2.47223912601401e-07,2.3316007039160627e-07,0.00011859107137468094
Amanjeet Singh,illustrative_price_compatible_initial_variance,44,45,0.00011918493437917684,2.6532649885771664e-07,2.5112145027474795e-07,0.00011918493437917672
Amanjeet Singh,illustrative_price_compatible_initial_variance,45,46,0.00011976691999101577,2.8470695055786724e-07,2.7036283543373286e-07,0.00011976691999101565
Amanjeet Singh,illustrative_price_compatible_initial_variance,46,47,0.00012033726576070238,3.0545515977903796e-07,2.9097410224827607e-07,0.00012033726576070225
Amanjeet Singh,illustrative_price_compatible_initial_variance,47,48,0.00012089620448767804,3.2766734833862163e-07,3.1305145607909514e-07,0.0001208962044876779
Amanjeet Singh,illustrative_price_compatible_initial_variance,48,49,0.00012144396431534335,3.5144651337729467e-07,3.3669787690866827e-07,0.00012144396431534322
Amanjeet Singh,illustrative_price_compatible_initial_variance,49,50,0.00012198076882417996,3.7690290431148143e-07,3.620235963485434e-07,0.00012198076882417981
Amanjeet Singh,illustrative_price_compatible_initial_variance,50,51,0.00012250683712300997,4.041545333635857e-07,3.89146608221702e-07,0.00012250683712300984
Amanjeet Singh,illustrative_price_compatible_initial_variance,51,52,0.00012302238393843015,4.33327722033838e-07,4.181932150839435e-07,0.00012302238393843
Amanjeet Singh,illustrative_price_compatible_initial_variance,52,53,0.00012352761970245736,4.645576860440198e-07,4.492986132146649e-07,0.00012352761970245722
Amanjeet Singh,illustrative_price_compatible_initial_variance,53,54,0.0001240227506384212,4.97989161461457e-07,4.82607518785537e-07,0.00012402275063842108
Amanjeet Singh,illustrative_price_compatible_initial_variance,54,55,0.00012450797884513864,5.337770749023425e-07,5.182748381062411e-07,0.0001245079788451385
Amanjeet Singh,illustrative_price_compatible_initial_variance,55,56,0.00012498350237940514,5.720872609175437e-07,5.56466385050521e-07,0.000124983502379405
Amanjeet Singh,illustrative_price_compatible_initial_variance,56,57,0.00012544951533683608,6.130972298825069e-07,5.973596489842598e-07,0.00012544951533683595
Amanjeet Singh,illustrative_price_compatible_initial_variance,57,58,0.0001259062079310912,6.569969899467158e-07,6.411446167511286e-07,0.00012590620793109108
Amanjeet Singh,illustrative_price_compatible_initial_variance,58,59,0.00012635376657151457,7.0398992684846e-07,6.880246525216513e-07,0.0001263537665715145
Amanjeet Singh,illustrative_price_compatible_initial_variance,59,60,0.00012679237393922182,7.542937456685957e-07,7.382174395794523e-07,0.00012679237393922177
Amanjeet Singh,illustrative_price_compatible_initial_variance,60,61,0.00012722220906166544,8.081414788837632e-07,7.919559884052331e-07,0.00012722220906166538
Amanjeet Singh,illustrative_price_compatible_initial_variance,61,62,0.0001276434473857089,8.657825653865049e-07,8.494897157259967e-07,0.0001276434473857088
Amanjeet Singh,illustrative_price_compatible_initial_variance,62,63,0.00012805626084923924,9.274840054683098e-07,9.110855995256214e-07,0.0001280562608492392
Amanjeet Singh,percentage_return_conditioning_fit_terminal_state,0,1,2.5662900771582957e-05,6.585844760121132e-10,0.0,2.5662900771582957e-05
Amanjeet Singh,percentage_return_conditioning_fit_terminal_state,1,2,2.907826492288011e-05,9.627054916347292e-10,1.171600007095294e-10,2.907826492288011e-05
Amanjeet Singh,percentage_return_conditioning_fit_terminal_state,2,3,3.243705862712827e-05,1.3367358761208086e-09,2.8457310374105185e-10,3.243705862712827e-05
Amanjeet Singh,percentage_return_conditioning_fit_terminal_state,3,4,3.5740218889969464e-05,1.7903882515401744e-09,5.130250052372443e-10,3.574021888996948e-05
Amanjeet Singh,percentage_return_conditioning_fit_terminal_state,4,5,3.898866719693549e-05,2.3347910753898505e-09,8.146749055964571e-10,3.89886671969355e-05
Amanjeet Singh,percentage_return_conditioning_fit_terminal_state,5,6,4.218330977051557e-05,2.9826938818041025e-09,1.203262258608828e-09,4.218330977051557e-05
Amanjeet Singh,percentage_return_conditioning_fit_terminal_state,6,7,4.5325037822966036e-05,3.74870229371375e-09,1.6943432400604488e-09,4.532503782296605e-05
Amanjeet Singh,percentage_return_conditioning_fit_terminal_state,7,8,4.8414727804932574e-05,4.6495471240203595e-09,2.305561255594648e-09,4.8414727804932594e-05
Amanjeet Singh,percentage_return_conditioning_fit_terminal_state,8,9,5.145324164995446e-05,5.7043925101609886e-09,3.0569564338723805e-09,5.145324164995448e-05
Amanjeet Singh,percentage_return_conditioning_fit_terminal_state,9,10,5.444142701491891e-05,6.93518874359175e-09,3.971319768171007e-09,5.4441427014918924e-05
Amanjeet Singh,percentage_return_conditioning_fit_terminal_state,10,11,5.7380117516532675e-05,8.367076276889713e-09,5.074598390678613e-09,5.738011751653269e-05
Amanjeet Singh,percentage_return_conditioning_fit_terminal_state,11,12,6.027013296387682e-05,1.0028848331449876e-08,6.396359403966485e-09,6.0270132963876824e-05
Amanjeet Singh,percentage_return_conditioning_fit_terminal_state,12,13,6.311227958710958e-05,1.1953480605412748e-08,7.970320770731259e-09,6.31122795871096e-05
Amanjeet Singh,percentage_return_conditioning_fit_terminal_state,13,14,6.590735026238114e-05,1.417873781427974e-08,9.834958995671548e-09,6.590735026238114e-05
Amanjeet Singh,percentage_return_conditioning_fit_terminal_state,14,15,6.865612473302293e-05,1.6747868208308652e-08,1.2034204744952248e-08,6.865612473302293e-05
Amanjeet Singh,percentage_return_conditioning_fit_terminal_state,15,16,7.135936982707335e-05,1.9710398827165833e-08,1.4618239165048806e-08,7.135936982707332e-05
Amanjeet Singh,percentage_return_conditioning_fit_terminal_state,16,17,7.401783967120047e-05,2.312304610314263e-08,1.7644405513551092e-08,7.401783967120046e-05
Amanjeet Singh,percentage_return_conditioning_fit_terminal_state,17,18,7.663227590108138e-05,2.7050758543526915e-08,2.1178252833747458e-08,7.663227590108137e-05
Amanjeet Singh,percentage_return_conditioning_fit_terminal_state,18,19,7.920340786829699e-05,3.156791064939279e-08,2.529473083144098e-08,7.920340786829696e-05
Amanjeet Singh,percentage_return_conditioning_fit_terminal_state,19,20,8.173195284379984e-05,3.675967000671819e-08,3.007955789105707e-08,8.17319528437998e-05
Amanjeet Singh,percentage_return_conditioning_fit_terminal_state,20,21,8.421861621801185e-05,4.272356266741283e-08,3.5630787349736064e-08,8.42186162180118e-05
Amanjeet Singh,percentage_return_conditioning_fit_terminal_state,21,22,8.666409169760767e-05,4.957126558099419e-08,4.206060079122283e-08,8.666409169760762e-05
Amanjeet Singh,percentage_return_conditioning_fit_terminal_state,22,23,8.906906149903867e-05,5.7430659009222144e-08,4.949736129290261e-08,8.906906149903863e-05
Amanjeet Singh,percentage_return_conditioning_fit_terminal_state,23,24,9.143419653885148e-05,6.644817663263782e-08,5.80879643359325e-08,9.143419653885143e-05
Amanjeet Singh,percentage_return_conditioning_fit_terminal_state,24,25,9.376015662085411e-05,7.679149652740889e-08,6.80005295578418e-08,9.376015662085405e-05
Amanjeet Singh,percentage_return_conditioning_fit_terminal_state,25,26,9.604759062018207e-05,8.865262245365265e-08,7.942748278971056e-08,9.604759062018202e-05
Amanjeet Singh,percentage_return_conditioning_fit_terminal_state,26,27,9.829713666431559e-05,1.022514120675541e-07,9.258908499115097e-08,9.829713666431551e-05
Amanjeet Singh,percentage_return_conditioning_fit_terminal_state,27,28,0.00010050942231109863,1.17839616880874e-07,1.0773747290756323e-07,0.00010050942231109854
Amanjeet Singh,percentage_return_conditioning_fit_terminal_state,28,29,0.00010268506472380924,1.3570550819371612e-07,1.2516128567638322e-07,0.00010268506472380914
Amanjeet Singh,percentage_return_conditioning_fit_terminal_state,29,30,0.00010482467084333013,1.5617917399244093e-07,1.4519096237502843e-07,0.00010482467084333002
Amanjeet Singh,percentage_return_conditioning_fit_terminal_state,30,31,0.00010692883755746753,1.7963858413217701e-07,1.6820480783078575e-07,0.00010692883755746744
Amanjeet Singh,percentage_return_conditioning_fit_terminal_state,31,32,0.00010899815186746549,2.0651653523898524e-07,1.9463593812846216e-07,0.0001089981518674654
Amanjeet Singh,percentage_return_conditioning_fit_terminal_state,32,33,0.00011103319105176214,2.3730860292971775e-07,2.2498023341458064e-07,0.00011103319105176202
Amanjeet Singh,percentage_return_conditioning_fit_terminal_state,33,34,0.00011303452282703357,2.725822474549455e-07,2.5980544410421034e-07,0.00011303452282703346
Amanjeet Singh,percentage_return_conditioning_fit_terminal_state,34,35,0.00011500270550657022,3.129872400620376e-07,2.997616177882067e-07,0.0001150027055065701
Amanjeet Singh,percentage_return_conditioning_fit_terminal_state,35,36,0.00011693828815603008,3.5926760164091467e-07,3.4559303840405194e-07,0.00011693828815602993
Amanjeet Singh,percentage_return_conditioning_fit_terminal_state,36,37,0.000118841810746612,4.122752729999951e-07,3.9815189701846156e-07,0.00011884181074661186
Amanjeet Singh,percentage_return_conditioning_fit_terminal_state,37,38,0.00012071380430569191,4.7298576793489647e-07,4.584139453849436e-07,0.00012071380430569177
Amanjeet Singh,percentage_return_conditioning_fit_terminal_state,38,39,0.00012255479106496403,5.425160966820784e-07,5.274964198691014e-07,0.0001225547910649639
Amanjeet Singh,percentage_return_conditioning_fit_terminal_state,39,40,0.00012436528460612828,6.221452890631378e-07,6.066785650479746e-07,0.00012436528460612814
Amanjeet Singh,percentage_return_conditioning_fit_terminal_state,40,41,0.00012614579000416463,7.133378943892859e-07,6.974251340535111e-07,0.0001261457900041645
Amanjeet Singh,percentage_return_conditioning_fit_terminal_state,41,42,0.00012789680396823434,8.177708898872133e-07,8.014132974219244e-07,0.0001278968039682342
Amanjeet Singh,percentage_return_conditioning_fit_terminal_state,42,43,0.0001296188149802473,9.373644920319253e-07,9.205634548350417e-07,0.00012961881498024715
Amanjeet Singh,percentage_return_conditioning_fit_terminal_state,43,44,0.00013131230343113424,1.074317436879794e-06,1.0570745158474037e-06,0.00013131230343113408
Amanjeet Singh,percentage_return_conditioning_fit_terminal_state,44,45,0.00013297774175486198,1.2311473776035095e-06,1.2134642978012867e-06,0.00013297774175486182
Amanjeet Singh,percentage_return_conditioning_fit_terminal_state,45,46,0.0001346155945602285,1.410737141448378e-06,1.3926157831495741e-06,0.00013461559456022835
Amanjeet Singh,percentage_return_conditioning_fit_terminal_state,46,47,0.0001362263187604755,1.6163876959839031e-06,1.5978300860608725e-06,0.00013622631876047532
Amanjeet Singh,percentage_return_conditioning_fit_terminal_state,47,48,0.00013781036370075366,1.8518787977937025e-06,1.8328871014503687e-06,0.00013781036370075347
Amanjeet Singh,percentage_return_conditioning_fit_terminal_state,48,49,0.00013936817128347708,2.1215384378953824e-06,2.1021149507284818e-06,0.00013936817128347692
Amanjeet Singh,percentage_return_conditioning_fit_terminal_state,49,50,0.00014090017609160105,2.430322359803315e-06,2.410469500180671e-06,0.0001409001760916009
Amanjeet Singh,percentage_return_conditioning_fit_terminal_state,50,51,0.00014240680550985807,2.7839051112107924e-06,2.7636254129552697e-06,0.0001424068055098579
Amanjeet Singh,percentage_return_conditioning_fit_terminal_state,51,52,0.00014388847984398576,3.1887843021738974e-06,3.1680804075420845e-06,0.00014388847984398557
Amanjeet Singh,percentage_return_conditioning_fit_terminal_state,52,53,0.00014534561243797987,3.652399985321022e-06,3.6312746382660505e-06,0.00014534561243797966
Amanjeet Singh,percentage_return_conditioning_fit_terminal_state,53,54,0.00014677860978940533,4.183271351447189e-06,4.161727391155478e-06,0.0001467786097894051
Amanjeet Singh,percentage_return_conditioning_fit_terminal_state,54,55,0.00014818787166279707,4.791153251985967e-06,4.769193606678017e-06,0.00014818787166279686
Amanjeet Singh,percentage_return_conditioning_fit_terminal_state,55,56,0.00014957379120118287,5.487215424128729e-06,5.464843105114434e-06,0.00014957379120118268
Amanjeet Singh,percentage_return_conditioning_fit_terminal_state,56,57,0.0001509367550357587,6.284247711474186e-06,6.261465807453461e-06,0.0001509367550357585
Amanjeet Singh,percentage_return_conditioning_fit_terminal_state,57,58,0.00015227714339374757,7.196895050704029e-06,7.17370672230387e-06,0.00015227714339374738
Amanjeet Singh,percentage_return_conditioning_fit_terminal_state,58,59,0.00015359533020447186,8.241926541668392e-06,8.218335016207772e-06,0.00015359533020447164
Amanjeet Singh,percentage_return_conditioning_fit_terminal_state,59,60,0.0001548916832036688,9.43854354447543e-06,9.414552110949764e-06,0.0001548916832036686
Amanjeet Singh,percentage_return_conditioning_fit_terminal_state,60,61,0.0001561665640360779,1.080873246421805e-05,1.0784344468495215e-05,0.0001561665640360777
Amanjeet Singh,percentage_return_conditioning_fit_terminal_state,61,62,0.00015742032835632937,1.2377668705011742e-05,1.2352887545231928e-05,0.00015742032835632918
Amanjeet Singh,percentage_return_conditioning_fit_terminal_state,62,63,0.0001586533259281614,1.4174179215145406e-05,1.4149008337317339e-05,0.00015865332592816122
