bin_left,bin_right,deep85_count,deep85_density,deep90_count,deep90_density,deep95_count,deep95_density,delta_count,delta_density
-5,-4.9,24,0.002400000000000009,24,0.002400000000000009,16,0.001600000000000006,25,0.002500000000000009
-4.9,-4.8,21,0.002099999999999989,17,0.001699999999999991,17,0.001699999999999991,25,0.002499999999999987
-4.8,-4.7,19,0.001900000000000007,17,0.001700000000000006,14,0.001400000000000005,27,0.00270000000000001
-4.7,-4.6,32,0.003199999999999983,17,0.001699999999999991,24,0.002399999999999987,26,0.002599999999999986
-4.6,-4.5,28,0.00280000000000001,25,0.002500000000000009,20,0.002000000000000007,29,0.002900000000000011
-4.5,-4.4,30,0.003000000000000011,25,0.002500000000000009,19,0.001900000000000007,34,0.003400000000000012
-4.4,-4.3,31,0.003099999999999984,33,0.003299999999999983,17,0.001699999999999991,34,0.003399999999999982
-4.3,-4.2,28,0.00280000000000001,30,0.003000000000000011,25,0.002500000000000009,42,0.004200000000000015
-4.2,-4.1,29,0.002899999999999985,17,0.001699999999999991,35,0.003499999999999981,44,0.004399999999999977
-4.1,-4,34,0.003400000000000012,30,0.003000000000000011,22,0.002200000000000008,53,0.005300000000000019
-4,-3.9,32,0.003199999999999997,22,0.002199999999999998,36,0.003599999999999997,45,0.004499999999999996
-3.9,-3.8,30,0.002999999999999997,33,0.003299999999999997,40,0.003999999999999997,53,0.005299999999999995
-3.8,-3.7,38,0.003800000000000014,32,0.003200000000000011,37,0.003700000000000014,56,0.005600000000000021
-3.7,-3.6,50,0.004999999999999973,44,0.004399999999999977,52,0.005199999999999973,77,0.007699999999999959
-3.6,-3.5,30,0.003000000000000011,32,0.003200000000000011,27,0.00270000000000001,78,0.007800000000000028
-3.5,-3.4,47,0.004699999999999996,48,0.004799999999999995,28,0.002799999999999997,63,0.006299999999999994
-3.4,-3.3,50,0.004999999999999996,46,0.004599999999999996,47,0.004699999999999996,69,0.006899999999999994
-3.3,-3.2,59,0.005900000000000022,53,0.005300000000000019,53,0.005300000000000019,100,0.01000000000000004
-3.2,-3.1,51,0.005099999999999973,58,0.005799999999999969,64,0.006399999999999966,80,0.007999999999999959
-3.1,-3,48,0.004800000000000018,70,0.007000000000000025,69,0.006900000000000025,122,0.01220000000000004
-3,-2.9,64,0.006399999999999994,68,0.006799999999999994,59,0.005899999999999995,121,0.01209999999999999
-2.9,-2.8,58,0.005799999999999994,76,0.007599999999999993,80,0.007999999999999993,112,0.01119999999999999
-2.8,-2.7,85,0.008499999999999992,81,0.008099999999999993,85,0.008499999999999992,126,0.01259999999999999
-2.7,-2.6,55,0.005499999999999995,79,0.007899999999999992,82,0.008199999999999992,132,0.01319999999999999
-2.6,-2.5,76,0.007600000000000028,86,0.008600000000000031,109,0.01090000000000004,178,0.01780000000000007
-2.5,-2.4,80,0.007999999999999993,101,0.01009999999999999,116,0.01159999999999999,153,0.01529999999999999
-2.4,-2.3,101,0.01009999999999999,109,0.01089999999999999,117,0.01169999999999999,168,0.01679999999999999
-2.3,-2.2,87,0.008699999999999992,110,0.01099999999999999,144,0.01439999999999999,204,0.02039999999999998
-2.2,-2.1,100,0.009999999999999992,132,0.01319999999999999,159,0.01589999999999999,199,0.01989999999999998
-2.1,-2,103,0.01030000000000004,154,0.01540000000000006,186,0.01860000000000007,202,0.02020000000000007
-2,-1.9,116,0.01159999999999999,157,0.01569999999999998,196,0.01959999999999998,223,0.02229999999999998
-1.9,-1.8,131,0.01309999999999999,169,0.01689999999999998,237,0.02369999999999998,293,0.02929999999999997
-1.8,-1.7,142,0.01419999999999999,169,0.01689999999999998,340,0.03399999999999997,265,0.02649999999999997
-1.7,-1.6,136,0.01359999999999999,187,0.01869999999999998,448,0.04479999999999996,313,0.03129999999999997
-1.6,-1.5,149,0.01490000000000005,245,0.02450000000000009,601,0.06010000000000022,342,0.03420000000000013
-1.5,-1.4,150,0.01499999999999999,246,0.02459999999999998,982,0.09819999999999991,381,0.03809999999999997
-1.4,-1.3,236,0.02359999999999998,288,0.02879999999999997,1327,0.1326999999999999,430,0.04299999999999996
-1.3,-1.2,213,0.02129999999999998,331,0.03309999999999997,1154,0.1153999999999999,472,0.04719999999999996
-1.2,-1.1,216,0.02159999999999998,448,0.04479999999999996,1057,0.1056999999999999,546,0.05459999999999995
-1.1,-1,280,0.0280000000000001,438,0.04380000000000016,1095,0.1095000000000004,555,0.0555000000000002
-1,-0.8999999999999995,302,0.03019999999999984,612,0.06119999999999968,1151,0.1150999999999994,650,0.06499999999999966
-0.8999999999999995,-0.7999999999999998,353,0.03530000000000013,812,0.0812000000000003,1332,0.1332000000000005,706,0.07060000000000026
-0.7999999999999998,-0.7000000000000002,429,0.04290000000000015,1374,0.1374000000000005,1461,0.1461000000000005,799,0.07990000000000029
-0.7000000000000002,-0.5999999999999996,438,0.04379999999999977,2477,0.2476999999999987,1792,0.1791999999999991,831,0.08309999999999956
-0.5999999999999996,-0.5,601,0.06010000000000022,2672,0.267200000000001,2078,0.2078000000000008,940,0.09400000000000035
-0.5,-0.3999999999999995,717,0.07169999999999963,2161,0.2160999999999988,2594,0.2593999999999986,1056,0.1055999999999994
-0.3999999999999995,-0.2999999999999998,852,0.0852000000000003,2149,0.2149000000000008,3321,0.3321000000000012,1151,0.1151000000000004
-0.2999999999999998,-0.1999999999999993,1191,0.1190999999999994,2315,0.2314999999999988,3516,0.3515999999999981,1247,0.1246999999999993
-0.1999999999999993,-0.09999999999999964,1824,0.1824000000000007,2940,0.2940000000000011,3824,0.3824000000000014,1453,0.1453000000000005
-0.09999999999999964,0,2978,0.2978000000000011,3542,0.3542000000000013,3820,0.3820000000000014,1632,0.1632000000000006
0,0.1000000000000005,4684,0.4683999999999975,4255,0.4254999999999978,3848,0.384799999999998,1794,0.1793999999999991
0.1000000000000005,0.2000000000000002,3285,0.3285000000000012,4774,0.4774000000000017,4009,0.4009000000000015,1989,0.1989000000000007
0.2000000000000002,0.3000000000000007,3210,0.3209999999999983,4756,0.4755999999999975,3852,0.385199999999998,2274,0.2273999999999988
0.3000000000000007,0.4000000000000004,3855,0.3855000000000014,4785,0.4785000000000018,3667,0.3667000000000014,2559,0.2559000000000009
0.4000000000000004,0.5,4668,0.4668000000000017,4740,0.4740000000000017,3506,0.3506000000000013,2893,0.2893000000000011
0.5,0.6000000000000005,5351,0.5350999999999971,4311,0.4310999999999977,3381,0.3380999999999982,3382,0.3381999999999982
0.6000000000000005,0.7000000000000002,5924,0.5924000000000021,4034,0.4034000000000015,3306,0.3306000000000012,3765,0.3765000000000014
0.7000000000000002,0.8000000000000007,5956,0.5955999999999969,3743,0.374299999999998,3303,0.3302999999999983,4472,0.4471999999999977
0.8000000000000007,0.9000000000000004,5832,0.5832000000000022,3649,0.3649000000000013,2953,0.2953000000000011,5180,0.5180000000000019
0.9000000000000004,1,5420,0.5420000000000019,3429,0.3429000000000013,2941,0.2941000000000011,5950,0.5950000000000022
1,1.100000000000001,4736,0.4735999999999975,3112,0.3111999999999984,2705,0.2704999999999986,6824,0.6823999999999965
1.100000000000001,1.2,4282,0.4282000000000016,3031,0.3031000000000011,2652,0.265200000000001,7517,0.7517000000000027
1.2,1.300000000000001,3925,0.3924999999999979,2848,0.2847999999999985,2574,0.2573999999999986,7580,0.757999999999996
1.300000000000001,1.4,3544,0.3544000000000013,2763,0.276300000000001,2374,0.2374000000000009,6915,0.6915000000000026
1.4,1.5,3201,0.3201000000000012,2449,0.2449000000000009,2230,0.2230000000000008,6259,0.6259000000000022
1.5,1.600000000000001,2800,0.2799999999999985,2368,0.2367999999999988,2142,0.2141999999999989,4858,0.4857999999999975
1.600000000000001,1.7,2476,0.2476000000000009,2169,0.2169000000000008,2068,0.2068000000000008,3591,0.3591000000000013
1.7,1.800000000000001,2196,0.2195999999999989,2012,0.2011999999999989,1924,0.192399999999999,2181,0.2180999999999989
1.800000000000001,1.9,1872,0.1872000000000007,1803,0.1803000000000007,1767,0.1767000000000006,1277,0.1277000000000005
1.9,2,1618,0.1618000000000006,1657,0.1657000000000006,1619,0.1619000000000006,698,0.06980000000000025
2,2.100000000000001,1491,0.1490999999999992,1383,0.1382999999999993,1481,0.1480999999999992,320,0.03199999999999983
2.100000000000001,2.2,1209,0.1209000000000004,1335,0.1335000000000005,1410,0.1410000000000005,131,0.01310000000000005
2.2,2.300000000000001,973,0.09729999999999948,1092,0.1091999999999994,1233,0.1232999999999994,72,0.007199999999999962
2.300000000000001,2.4,866,0.08660000000000032,922,0.09220000000000034,1026,0.1026000000000004,22,0.002200000000000008
2.4,2.5,709,0.07090000000000025,723,0.07230000000000027,935,0.09350000000000035,8,0.0008000000000000029
2.5,2.600000000000001,509,0.05089999999999973,587,0.05869999999999969,730,0.07299999999999962,0,0
2.600000000000001,2.7,438,0.04380000000000016,425,0.04250000000000016,581,0.05810000000000021,0,0
2.7,2.800000000000001,326,0.03259999999999983,325,0.03249999999999983,417,0.04169999999999978,0,0
2.800000000000001,2.9,243,0.02430000000000009,221,0.02210000000000008,316,0.03160000000000011,0,0
2.9,3,154,0.01540000000000006,127,0.01270000000000005,191,0.01910000000000007,0,0
3,3.1,112,0.01120000000000004,68,0.006800000000000025,113,0.01130000000000004,0,0
3.1,3.200000000000001,76,0.007599999999999892,45,0.004499999999999936,46,0.004599999999999935,0,0
3.200000000000001,3.300000000000001,52,0.005200000000000019,16,0.001600000000000006,21,0.002100000000000008,0,0
3.300000000000001,3.4,33,0.003300000000000012,11,0.001100000000000004,6,0.0006000000000000022,0,0
3.4,3.5,15,0.001500000000000005,3,0.0003000000000000011,5,0.0005000000000000019,0,0
3.5,3.6,10,0.001000000000000004,0,0,0,0,0,0
3.6,3.700000000000001,10,0.0009999999999999857,2,0.0001999999999999972,1,9.999999999999858e-05,0,0
3.700000000000001,3.800000000000001,4,0.0004000000000000014,3,0.0003000000000000011,1,0.0001000000000000004,0,0
3.800000000000001,3.9,1,0.0001000000000000004,1,0.0001000000000000004,2,0.0002000000000000007,0,0
3.9,4,4,0.0004000000000000014,1,0.0001000000000000004,1,0.0001000000000000004,0,0
4,4.1,2,0.0002000000000000007,1,0.0001000000000000004,1,0.0001000000000000004,0,0
4.1,4.200000000000001,1,9.999999999999858e-05,1,9.999999999999858e-05,0,0,0,0
4.200000000000001,4.300000000000001,0,0,1,0.0001000000000000004,0,0,0,0
4.300000000000001,4.4,2,0.0002000000000000007,0,0,0,0,0,0
4.4,4.5,2,0.0002000000000000007,0,0,0,0,0,0
4.5,4.600000000000001,1,9.999999999999858e-05,0,0,1,9.999999999999858e-05,0,0
4.600000000000001,4.700000000000001,0,0,0,0,2,0.0002000000000000007,0,0
4.700000000000001,4.800000000000001,3,0.0003000000000000011,0,0,0,0,0,0
4.800000000000001,4.9,0,0,0,0,0,0,0,0
4.9,5,0,0,0,0,0,0,0,0
