quantile,deep85,deep90,deep95,delta
0.0,-61.256420839969316,-58.35209840611234,-57.97394596721697,-38.28384347710472
0.0001,-42.24977036246149,-34.60322011832717,-30.00876004249991,-16.007813149947715
0.001,-18.187413737445784,-14.330770434800682,-11.219818515631827,-8.641399592996667
0.005,-7.590307338352249,-5.710091408485533,-5.191093087002118,-5.097579245297511
0.01,-4.709634561028629,-3.5144134652346826,-3.308278907086992,-3.730963102174517
0.025,-1.9689916667741387,-1.854658277595493,-1.9111946562100375,-2.364661851249611
0.05,-0.7705132662906896,-0.9923827910822479,-1.4125093043757333,-1.406854954312059
0.1,-0.1455686588724343,-0.6086604210598416,-0.9778959255293054,-0.6006224675997748
0.25,0.2978543765103443,-0.026976805482073374,-0.25521312525188344,0.35993327670583664
0.5,0.7858880440026113,0.5147219723573278,0.3993629564871992,0.971849627447831
0.75,1.2985893262695658,1.2121280375776053,1.208672520827869,1.3192120285954818
0.9,1.8378850091942356,1.8417884484977032,1.9089009689937517,1.5608223259859806
0.95,2.1598172442635524,2.167697573848974,2.2511632127679633,1.6906583388479053
0.975,2.4291291212126063,2.4092260984586282,2.492419232451055,1.8019298369725194
0.99,2.718133816451603,2.6550733363767614,2.727984110638469,1.9279457974142524
0.995,2.8918633793950344,2.802922021605086,2.862482417517403,2.0125206983062376
0.999,3.28399039748712,3.0837450430140323,3.0945368952150765,2.2012274658532984
0.9999,4.470519216121479,4.2720431330638675,4.050516885351109,2.3789762397512857
1.0,20.552934893662254,19.954393172274855,12.486722559448783,2.484203151803614
